ID,質問日時,カテゴリ,投稿者名,経過時間,回答数,閲覧数,回答難易度,共感数,回答リアクション総数,注目度,回答競争率,注目/競争比,ランキングポテンシャル,受付終了まで,URL,本文冒頭,マイフラグ,ベストアンサーフラグ
1,2026/1/22 4:56,病気、症状,1051583089,0分,0,0,0.0,0,0,0.0,0.0,0.0,0.0,あと3日,https://detail.chiebukuro.yahoo.co.jp/qa/question_detail/q11324546616,触覚が左右非対称すぎます。 本当は左のようにしたいのですが 右をどのように切ればいいですか？ 右利きなのでやっぱり左の方が切りやすくて 毎回右だけ失敗してしまいます。 良ければ絵とかもあればわかりやす...,0,0
2,2026/1/22 4:56,自動車,1150624128,0分,0,0,0.0,0,0,0.0,0.0,0.0,0.0,あと3日,https://detail.chiebukuro.yahoo.co.jp/qa/question_detail/q10324546615,2025年式のハスラーハイブリッドGにこのシートカバーは適合しますか？グレードによって適合しない場合の記載がなく、出品者の説明が曖昧でわからないので、有識者の方教えていただけると幸いです。,0,0
3,2026/1/22 4:56,メルカリ,a71f9daa8,0分,0,0,0.0,0,0,0.0,0.0,0.0,0.0,あと3日,https://detail.chiebukuro.yahoo.co.jp/qa/question_detail/q13324546613,ゆうゆうメルカリ便について質問です。 2人の方と取引しており誤ってQRコードがダブってしまった可能性があります。また、ポスト投函前に気付いたので手元に商品はありますが発送通知はどちらも押してしまった場...,0,0
4,2026/1/22 4:56,ご近所の悩み,bez********,0分,0,0,0.0,0,0,0.0,0.0,0.0,0.0,あと3日,https://detail.chiebukuro.yahoo.co.jp/qa/question_detail/q14324546614,ここ1週間くらい部屋の前の廊下に誰かいる気がします。時間は深夜1時から朝の6時くらいまでです。 わたしの住んでいるアパートは玄関の横にトイレがあります。夜中トイレに行くと毎回廊下から袋のカサカサという...,0,0
5,2026/1/22 4:55,恋愛相談、人間関係の悩み,dhp,2分,0,2,2.0,0,0,0.994,0.0,0.0,0.66,あと3日,https://detail.chiebukuro.yahoo.co.jp/qa/question_detail/q11324546611,僕の友達で他人事キャラがかっこいいと思ってるやつがおり、基本へーとかあらまーとか適当な返事ばかりしてきて、それはいいとして、 人に頼み事をしてるのにも関わらずここの注意点はこうだよと言われるとあらまと...,0,0
6,2026/1/22 4:55,ヘアケア,1251505919,2分,0,1,1.0,0,0,0.479,0.0,0.0,0.32,あと3日,https://detail.chiebukuro.yahoo.co.jp/qa/question_detail/q10324546610,髪をこれぐらいに染めたいのですが、ブリーチはしますか？,0,0
7,2026/1/22 4:55,画像処理、制作,cc16b678d,2分,0,1,1.0,0,0,0.463,0.0,0.0,0.32,あと3日,https://detail.chiebukuro.yahoo.co.jp/qa/question_detail/q14324546609,MIMIさんの新曲「トリックハート」MV内で使用されているフォントはなんという名称でしょうか,0,0
8,2026/1/22 4:55,ライブ、コンサート,1051444144,2分,0,0,0.0,0,0,0.0,0.0,0.0,0.0,あと3日,https://detail.chiebukuro.yahoo.co.jp/qa/question_detail/q13324546608,至急 フルーツジッパーのアリーナツアーのFC2次先行抽選ってありますか？,0,0
9,2026/1/22 4:55,ゲーム,b8fe16bde,2分,0,1,1.0,0,0,0.441,0.0,0.0,0.31,あと3日,https://detail.chiebukuro.yahoo.co.jp/qa/question_detail/q12324546607,アーチャー伝説2の武器スキンについてです。 クリスマススターと秘法の塔の両方を入手した際に片方装備したらどちらか一方のスキンスキルやコレクションステータスしか適用されませんか？,0,0
10,2026/1/22 4:54,ライブ、コンサート,白と冬,3分,0,1,1.0,0,0,0.3,0.0,0.0,0.23,あと3日,https://detail.chiebukuro.yahoo.co.jp/qa/question_detail/q11324546606,Perfumeはなぜ活動休止とコールドスリープの意味を堂々と間違えてるのでしょうか？ 元々会場狭めてもチケットが売れないから最後の手段で 責任とらされるように前日に休止発表させられて、 休止じゃインパ...,0,0
11,2026/1/22 4:54,ニンテンドー3DS,ce874c433,3分,0,3,3.0,0,0,0.882,0.0,0.0,0.68,あと3日,https://detail.chiebukuro.yahoo.co.jp/qa/question_detail/q10324546605,3DSのNewSuperMarioBros.2について質問です。 確かニューマリ2には課金追加コンテンツ等があったと思うのですがeShopのサ終で現在は購入不可ですよね。 どうしてもプレイしたいのです...,0,0
12,2026/1/22 4:54,家族関係の悩み,夜神月,3分,1,3,3.0,0,0,0.87,33.33,0.03,11.91,あと3日,https://detail.chiebukuro.yahoo.co.jp/qa/question_detail/q14324546604,私は今小6なのですが、私は1年半くらい前からプリキュアとかアイカツとかにハマって、最近はひまほちゃんとかたまごmommyを見たり、ベビーバスをやっています。 そしたらお姉ちゃんにお前おかしいよ、赤ちゃ...,0,0
13,2026/1/22 4:54,恋愛相談、人間関係の悩み,1052292184,3分,0,2,2.0,0,0,0.572,0.0,0.0,0.44,あと3日,https://detail.chiebukuro.yahoo.co.jp/qa/question_detail/q13324546603,友達を嫌いになりそうです。 私の親友ともいえるほど仲良い子には2年付き合っている彼氏がいます。しかし別れようかな。仲直りした。別れよっかな、仲直りした。をもう一年以上続けてます 最初のほうは友達に寄り...,0,0
14,2026/1/22 4:54,動画、映像,azr********,3分,0,1,1.0,0,0,0.282,0.0,0.0,0.22,あと3日,https://detail.chiebukuro.yahoo.co.jp/qa/question_detail/q12324546602,アマプラでSPY×FAMILYを観ようとしたらHDCPのコンテンツ保護基準を満たしていない為 観れないと表示されました。 解除する方法を教えてください,0,0
15,2026/1/22 4:54,数学,imwinter,3分,0,5,5.0,0,0,1.387,0.0,0.0,1.09,あと3日,https://detail.chiebukuro.yahoo.co.jp/qa/question_detail/q11324546601,助けてくださいこの問題の解き方がわかりません。 AIに聞いても全部違う答えが出てきます。,0,0
16,2026/1/22 4:54,携帯型ゲーム全般,1052858182,3分,0,0,0.0,0,0,0.0,0.0,0.0,0.0,あと3日,https://detail.chiebukuro.yahoo.co.jp/qa/question_detail/q10324546600,ブルーアーカイブの無料100連は期間中であればその前の日に引かなかった分を一気に引けますか?翌日に持ち越せることは知っていますが、翌日以降も持ち越せますか？ （例えば最終日にまとめて100連引くなど）,0,0
17,2026/1/22 4:53,化学,わっさ,4分,0,4,4.0,0,0,0.842,0.0,0.0,0.7,あと3日,https://detail.chiebukuro.yahoo.co.jp/qa/question_detail/q14324546599,"有機化学について質問です。 (1)、(2)について、答えを教えて欲しいです。 よろしくお願いします。 自分で解いてみましたが、あっていますでしょうか。 (1) (2S,3S)-2-クロロ-3-フェニル...",0,0
18,2026/1/22 4:53,ファッション,匿名,4分,0,4,4.0,0,0,0.834,0.0,0.0,0.69,あと3日,https://detail.chiebukuro.yahoo.co.jp/qa/question_detail/q13324546598,骨格診断お願いします！ 158.5cm52kg靴24.5cm 7タイプ診断も知りたいです！,0,0
19,2026/1/22 4:53,女性アイドル,zws********,4分,1,3,3.0,0,0,0.619,33.33,0.02,9.06,あと3日,https://detail.chiebukuro.yahoo.co.jp/qa/question_detail/q12324546597,iLiFE!オーディション2026に応募して1週間以上経ったのに既読がつきません なんでですか？,0,0
20,2026/1/22 4:53,運転免許,1150499263,4分,0,3,3.0,0,0,0.61,0.0,0.0,0.51,あと3日,https://detail.chiebukuro.yahoo.co.jp/qa/question_detail/q11324546596,教習所のオンデマンドって、夜中の3時くらいに受けても、朝の時間帯には受講済みになりますか？効果測定を急いで今日中に受けたくて。,0,0
21,2026/1/22 4:52,この仕事教えて,きゅうり,5分,0,2,2.0,0,0,0.334,0.0,0.0,0.29,あと3日,https://detail.chiebukuro.yahoo.co.jp/qa/question_detail/q10324546595,私は今高校２年生です。小学５年生の時にがんになった経験から医療職につきたいと考えています。臨床検査技師、保健師、助産師、放射線技師で迷っています。人と関わるのが好きで、特に赤ちゃんが好きです。 ですが...,0,0
22,2026/1/22 4:52,オリンピック,wgf********,6分,0,3,3.0,0,0,0.495,0.0,0.0,0.42,あと3日,https://detail.chiebukuro.yahoo.co.jp/qa/question_detail/q14324546594,２０２６年イタリアミラノコルティナ冬季オリンピック、 前回は金メダルを逃した、フィギュアスケート鍵山優真選手と、モーグルの堀島行真選手、このお二人 今回は金メダルいけますか？,0,0
23,2026/1/22 4:52,天気、天文、宇宙,1149721008,6分,2,2,1.0,0,0,0.326,100.0,0.0,14.28,あと3日,https://detail.chiebukuro.yahoo.co.jp/qa/question_detail/q13324546593,もし人類が初めて月に降り立った日、実は地球以外の惑星に“生物“が存在していたらどうなりましたか？ 現段階の宇宙において、地球以外の惑星で、現存している生物は居ません。(過去に生物が生息していた跡がある...,0,0
24,2026/1/22 4:51,職場の悩み,hcx********,7分,1,5,5.0,0,0,0.696,20.0,0.03,6.72,あと3日,https://detail.chiebukuro.yahoo.co.jp/qa/question_detail/q12324546592,宜しくお願いします。 職場で業務を手伝ってくれるのは有り難いですが、何でも他の同僚達の仕事を手伝う同僚に困惑。 一人でやった方がやりやすい業務でも、ありがた迷惑というか何でも手伝う同僚。 「一人で出来...,0,0
25,2026/1/22 4:51,恋愛相談、人間関係の悩み,1152819045,7分,2,9,4.5,0,1,1.244,22.22,0.06,16.88,あと3日,https://detail.chiebukuro.yahoo.co.jp/qa/question_detail/q11324546591,恋愛についてです。 私は高三で、元日前に別れた元カノがいます。 その子はとにかく惚気を大量に友達に話す子でした。最初は友達との会話で話すくらいだったのが最近では、友達から惚気話を大量に元カノ自身から話...,0,0
26,2026/1/22 4:50,楽器全般,bbd54ddb4,8分,0,2,2.0,0,0,0.241,0.0,0.0,0.22,あと3日,https://detail.chiebukuro.yahoo.co.jp/qa/question_detail/q13324546588,Minelのdragon50というシリーズなんですが、どなたかシリーズの詳細と使用した感じ(音の傾向等)ご存知の方いらっしゃいませんか？ 特に20インチのチャイナが気になっております。,0,0
27,2026/1/22 4:50,恋愛相談、人間関係の悩み,affd78a4c,8分,2,15,7.5,0,3,1.797,13.33,0.13,21.93,あと3日,https://detail.chiebukuro.yahoo.co.jp/qa/question_detail/q12324546587,出会いがありましたが。とてもいい人です。３０歳年上ですが… どうもヤクザみたいです。 この、出会いはだめですかね。 かかわらないほうがいいんでしょうか？,0,0
28,2026/1/22 4:50,動物園、水族館,レモン,8分,1,4,4.0,0,0,0.477,25.0,0.02,5.75,あと3日,https://detail.chiebukuro.yahoo.co.jp/qa/question_detail/q11324546586,水族館で好きな魚は何ですか？,0,0
29,2026/1/22 4:50,恋愛相談、人間関係の悩み,bdc9d9cab,8分,1,4,4.0,0,0,0.474,25.0,0.02,5.72,あと3日,https://detail.chiebukuro.yahoo.co.jp/qa/question_detail/q10324546585,W不倫で彼と，1年ぐらい付き合ってお別れをしました。付き合っているころは、情熱的に求め合い、本気でお互いに好き同士でした。 だから、好きになり過ぎてツラく、お互いに自爆してました。今回は彼の転勤で物理...,0,0
30,2026/1/22 4:50,刀剣乱舞,1050055854,8分,0,2,2.0,0,0,0.236,0.0,0.0,0.21,あと3日,https://detail.chiebukuro.yahoo.co.jp/qa/question_detail/q14324546584,刀剣乱舞が好きな女にプレゼントすると喜ぶものってありますか？ 誕生日プレゼントでとても迷っています。 御朱印集めていたような気もするけど御朱印帳持ってそうだし何個もいらないと思うし… なにか概念的な良...,0,0
31,2026/1/22 4:49,海外ドラマ,1151802390,9分,0,4,4.0,0,0,0.419,0.0,0.0,0.38,あと3日,https://detail.chiebukuro.yahoo.co.jp/qa/question_detail/q12324546582,どなたかタイドラマに詳しい方教えてください！！私今 Goddess Bless You From Death というこの作品を見たくて！！ 、配信状況によるとVPN繋げるとyoutubeでは1話みれて...,0,0
32,2026/1/22 4:49,アニメ,idb********,9分,0,1,1.0,0,0,0.104,0.0,0.0,0.09,あと3日,https://detail.chiebukuro.yahoo.co.jp/qa/question_detail/q11324546581,銀魂で桂と高杉が会話を初めてするシーンがあったと思うのですが何話ですか？ なぜお前がここにみたいな感じだった気がするんですけど,0,0
33,2026/1/22 4:48,職場の悩み,1151006769,10分,1,5,5.0,0,0,0.469,20.0,0.02,4.72,あと3日,https://detail.chiebukuro.yahoo.co.jp/qa/question_detail/q10324546580,訳あってリゾートバイトを辞めるつもりなのですがリゾバの担当の方に行ってから辞めようと思っています。 店長に報告が行き、辞めるまでの期間なにされるか分からないのが怖いです。 どうしたら良いでしょうか、、,0,0
34,2026/1/22 4:48,家族関係の悩み,1253315381,10分,0,14,14.0,0,0,1.304,0.0,0.0,1.19,あと3日,https://detail.chiebukuro.yahoo.co.jp/qa/question_detail/q14324546579,生まれたくなかったです 死にたいかと言われたらまた別です 世の中には美味しい物があるし 楽しいことも沢山あるし 生きたい理由は沢山ありますけど それ以上に大変な事が多いし 辛いし生まれてこなければこん...,0,0
35,2026/1/22 4:48,プロレス,jpdtpmwt,10分,2,4,2.0,0,0,0.37,50.0,0.01,8.81,あと3日,https://detail.chiebukuro.yahoo.co.jp/qa/question_detail/q13324546578,プロレスは台本ありと聞いたんですが世界大会は台本ないんすか？ 台本ありなら最も人を惹きつけるから勝てる台本にしてもらえるという点で凄いんすか？,0,0
36,2026/1/22 4:48,住宅,kdf********,10分,0,2,2.0,0,0,0.184,0.0,0.0,0.17,あと3日,https://detail.chiebukuro.yahoo.co.jp/qa/question_detail/q12324546577,防犯上、玄関のドアは道路側から丸見えでない方が良いのでしょうか？ そう書かれているものがよくあります。 なぜでしょうか？,0,0
37,2026/1/22 4:48,生き方、人生相談,探偵日中スクープ,10分,0,1,1.0,0,0,0.092,0.0,0.0,0.08,あと3日,https://detail.chiebukuro.yahoo.co.jp/qa/question_detail/q11324546576,消費者金融に追われてる人間は、一般人みたいに真っ向な人間にはなれないだろう。派手な生活でマトモちゃうからね。自己破産しても、他人のキャッシュカード狙ってそう。 つまり人の嫌がる仕事従事で、借金返済が似...,0,0
38,2026/1/22 4:48,飲食店,非公開,10分,0,1,1.0,0,0,0.091,0.0,0.0,0.08,あと3日,https://detail.chiebukuro.yahoo.co.jp/qa/question_detail/q14324546574,埼玉県加須市にある「鶏悦」というお店は営業していますか？ 問い合わせ先の電話番号にかけても、全くでないのですが。 飲食された方はいますか？ 電話が通じない店って、電話番号を出している意味ありますか？ ...,0,0
39,2026/1/22 4:48,自動車,nyossulollollol,11分,0,0,0.0,0,0,0.0,0.0,0.0,0.0,あと3日,https://detail.chiebukuro.yahoo.co.jp/qa/question_detail/q13324546573,おすすめの車のヘッドレストピローを教えてください。 たまに車中泊とかで運転席で寝ることがあるので40アルファードの純正ヘッドレストピローみたいな感じの枕みたいな感じのやつが欲しいのですが純正のだと高い...,0,0
40,2026/1/22 4:48,美容整形,1151185753,11分,0,3,3.0,0,0,0.271,0.0,0.0,0.25,あと3日,https://detail.chiebukuro.yahoo.co.jp/qa/question_detail/q12324546572,韓国で目フル整形の施術をするのですが、目フルダウンタイム中の術後翌日に鼻フルのカウセを回るのはよくないですか？ また、実際にDT中にカウセに回られた方はいらっしゃいますか？,0,0
41,2026/1/17 21:26,ダイエット,b864de45a,103時間33分,3,53758,17919.3,12,111,8.652,0.01,865.2,9.4,回答受付が終了しました,https://detail.chiebukuro.yahoo.co.jp/qa/question_detail/q13324391958,至急です 骨格診断して欲しいです,0,0
42,2026/1/21 21:50,レディース全般,1251965705,7時間9分,2,2040,1020.0,0,0,4.753,0.1,47.53,4.97,あと3日,https://detail.chiebukuro.yahoo.co.jp/qa/question_detail/q12324537927,骨格診断。見てもらった方がよいとは思っていますが、3つともに当てはまる要素があります。 ただ、似合うのはストレートの服、プリーツスカート系などウェーブの服は似合わないので、ストレートかナチュラルですか...,0,0
43,2026/1/21 18:39,レディース全般,wan********,10時間20分,1,9497,9497.0,1,1,15.311,0.01,1531.1,15.58,あと3日,https://detail.chiebukuro.yahoo.co.jp/qa/question_detail/q11324530411,骨格診断。見てもらった方がよいとは思っていますが、3つともに当てはまる要素があります。 ただ、似合うのはストレートの服、プリーツスカート系などウェーブの服は似合わないので、ストレートかナチュラルですか...,0,0
44,2026/1/17 17:24,携帯型ゲーム全般,a2f0d0446,107時間35分,1,76808,76808.0,23,910,11.898,0.0,0.0,16.49,不明,https://detail.chiebukuro.yahoo.co.jp/qa/question_detail/q11324383326,先程ブロスタをしていてバトルに行って戻って来たら、使っていたキャラが消えました。(エドガー)他にも何体か消えていました。 どうやったら戻るのでしょうか？サポートセンターには報告しました。,0,0
45,2026/1/19 23:51,ダイエット,非公開,53時間8分,7,7167,1023.9,2,6,2.248,0.1,22.48,2.48,あと1日,https://detail.chiebukuro.yahoo.co.jp/qa/question_detail/q14324472914,大至急‼️ 骨格診断して下さる方居ませんか⁉️ 正月に5kg太り、155cm50kgになってしまいました。 来月大事な予定があるので迅速に脂肪を落としたい為骨格を大至急知りたいです‼️ (手は骨っぽい...,0,0
46,2026/1/17 12:50,ダイエット,1152001431,112時間9分,7,5877,839.6,6,20,0.873,0.12,7.28,1.1,回答受付が終了しました,https://detail.chiebukuro.yahoo.co.jp/qa/question_detail/q10324375710,この体型は細いに入りますか？ 骨格なども分かれば教えていただきたいです。,0,0
47,2026/1/21 13:30,スマホアプリ,c525d49a3,15時間29分,1,7995,7995.0,0,75,8.601,0.01,860.1,11.06,不明,https://detail.chiebukuro.yahoo.co.jp/qa/question_detail/q13324520628,ブルーアーカイブについて質問です。 今5周年で来ている臨戦トキの解放の仕方って分かりますか？神妙文字は100枚あるんですけど解放の仕方が分からなくて教えてもらえると幸いです！,0,0
48,2026/1/13 9:42,ゲーム,ひでろう,211時間17分,1,9200,9200.0,0,26,0.726,0.01,72.6,0.79,回答受付が終了しました,https://detail.chiebukuro.yahoo.co.jp/qa/question_detail/q10324237935,"PS5でアークナイツエンドフィールドを事前ダウンロードしようとしたら￥1,320と記載がありました。スマホ版は無料だったのにPS5は有料なんですか？",0,0
49,2026/1/9 13:09,インターネットサービス,oew********,303時間50分,2,34425,17212.5,4,80,1.888,0.01,188.8,2.05,回答受付が終了しました,https://detail.chiebukuro.yahoo.co.jp/qa/question_detail/q10324100605,iwaraサイトはまだ復旧しませんか？,0,0
50,2026/1/11 2:16,YouTube,非公開,266時間43分,2,91468,45734.0,51,931,5.715,0.0,0.0,7.79,回答受付が終了しました,https://detail.chiebukuro.yahoo.co.jp/qa/question_detail/q14324159329,YouTubeの広告の、福井県百年眼鏡工？という名前の商品を家内が買いました。代引きにしたのですが、住所や名前など入力してしまいました。 2個で7000円くらいです。 これってやっぱり詐欺ですか? Y...,0,0
51,2026/1/22 4:47,政治、社会問題,leo********,12分,0,2,2.0,0,0,0.156,0.0,0.0,0.14,あと3日,https://detail.chiebukuro.yahoo.co.jp/qa/question_detail/q10324546570,戸塚校長がたかまつななに「善悪の定義してみぃ。」と言ってましたが、あなたならどう返しますか？,0,0
52,2026/1/22 4:47,X（旧Twitter）,柏木陽,12分,0,1,1.0,0,0,0.078,0.0,0.0,0.07,あと3日,https://detail.chiebukuro.yahoo.co.jp/qa/question_detail/q14324546569,先日推しのvtuberさんがファンサーバーを discodeで作ったので早速入ろうとしたのですが、 discodeで招待コードを入れても一瞬アイコンが 表示された後すぐに消えてしまいサーバーに 入れま...,0,0
53,2026/1/22 4:47,PASMO,NoNo,12分,0,2,2.0,0,0,0.154,0.0,0.0,0.14,あと3日,https://detail.chiebukuro.yahoo.co.jp/qa/question_detail/q13324546568,昨日の午前中に何度か質問したのですが、無記名のPASMOをなくしてしまいました この場合もう見つかるのは難しいですか？ 仮に誰かが使用していて何処で使用したとか履歴を見て警察に見つけてもらうみたいなの...,0,0
54,2026/1/22 4:46,車、高速道路,baaa5c99c,14分,0,2,2.0,0,0,0.143,0.0,0.0,0.13,あと3日,https://detail.chiebukuro.yahoo.co.jp/qa/question_detail/q12324546567,至急！大分県別府市から鹿児島市天文館あたりに高速を使わずに、無料のバイパスなどを使いながら行きたいのですが、どのバイパスを使ったら良いでしょうか？,0,0
55,2026/1/22 4:46,スロット,1052947774,14分,0,2,2.0,0,0,0.142,0.0,0.0,0.13,あと3日,https://detail.chiebukuro.yahoo.co.jp/qa/question_detail/q11324546566,スマスロについての質問です。 最近、スロットに興味を持ち始めて打とうか迷ってます。YouTubeなどの実践動画などでどんな台があるか色々見ました。個人的に革命機ヴァルヴレイヴがいいなと思いました。です...,0,0
56,2026/1/22 4:46,読書,abs********,14分,0,1,1.0,0,0,0.071,0.0,0.0,0.07,あと3日,https://detail.chiebukuro.yahoo.co.jp/qa/question_detail/q10324546565,元予備校講師、小阪修平さんの本で人生に役立ちそうな本あったら教えてください,0,0
57,2026/1/22 4:45,ダイエット,もう一度知恵袋に質問してやるよ,15分,1,6,6.0,0,0,0.396,16.67,0.02,3.46,あと3日,https://detail.chiebukuro.yahoo.co.jp/qa/question_detail/q14324546564,適正体重だけど太って見える場合って筋トレするだけじゃ改善しませんか？ やっぱ食事制限や有酸素運動も必要になりますかね？,0,0
58,2026/1/22 4:45,iPhone,voc********,15分,0,2,2.0,0,0,0.131,0.0,0.0,0.12,あと3日,https://detail.chiebukuro.yahoo.co.jp/qa/question_detail/q13324546563,カウシェアプリについて たまに購入で水3600gの画面が出るのですが、購入ページを開いた後買わずにホームに戻ると 同じ画面を表示できず 購入で水2600gなどの低いものしか右側に表示されません 再度水...,0,0
59,2026/1/22 4:45,iPhone,a8166f6f1,15分,0,1,1.0,0,0,0.065,0.0,0.0,0.06,あと3日,https://detail.chiebukuro.yahoo.co.jp/qa/question_detail/q12324546562,eSIMの設定方法について質問 eSIMを購入し、アクティベーション済みとなってます。 設定からモバイル通信を開くとモバイルデータ通信が副回線となっており、主回線がありません。SIMの設定は、済んでま...,0,0
60,2026/1/22 4:44,職場の悩み,cab4605,16分,0,12,12.0,0,0,0.734,0.0,0.0,0.69,あと3日,https://detail.chiebukuro.yahoo.co.jp/qa/question_detail/q11324546561,大学生です 3ヶ月働いていた初バイト、見事実質クビ宣告を達成し、やめて来ました！ 原因はわかります…と言うか言われました。 行ってたところは、指導期間もなくすぐ本番なんですが、それが合わなかったようで...,0,0
61,2026/1/22 4:44,ゲーム,1252154246,16分,0,2,2.0,0,0,0.122,0.0,0.0,0.11,あと3日,https://detail.chiebukuro.yahoo.co.jp/qa/question_detail/q10324546560,最近、ときめきメモリアルGSシリーズにハマった新参者なのですが YouTubeのコメント欄によく「○○(攻略対象の名前)主」という言葉がありますが これはどういう意味でしょうか？ 私のにわかのイメージ...,0,0
62,2026/1/22 4:44,英語,1251958604,16分,0,3,3.0,0,0,0.182,0.0,0.0,0.17,あと3日,https://detail.chiebukuro.yahoo.co.jp/qa/question_detail/q14324546559,TOEICを受けるのですが、単語帳を新しく買うべきか迷っています。600から700点を目指したいと考えています。今使っているものはこれです。,0,0
63,2026/1/22 4:44,家族関係の悩み,もやお,16分,3,18,6.0,0,0,1.088,16.67,0.07,9.58,あと3日,https://detail.chiebukuro.yahoo.co.jp/qa/question_detail/q13324546558,長文です。 実家暮らしの女です。 幼少期からアトピーがあり、現在は頭皮の痒みがひどく、皮膚科から処方された薬用シャンプーを使用しています。 このシャンプーは、 「お風呂に入る前に頭皮に塗り、15分浸透...,0,0
64,2026/1/22 4:44,恋愛相談、人間関係の悩み,匿名,16分,0,3,3.0,0,0,0.181,0.0,0.0,0.17,あと3日,https://detail.chiebukuro.yahoo.co.jp/qa/question_detail/q12324546557,私(女)は、顔が、小５～小６の時は中学生に見られる事が多くて、中学生の時は高校生に見られる事が多くて、高校生の時は中学生に見られる事が多くて、19歳～25歳の時は高校生に見られる事が多くて、 26歳以...,0,0
65,2026/1/22 4:43,エアコン、空調家電,自由人,17分,0,2,2.0,0,0,0.113,0.0,0.0,0.11,あと3日,https://detail.chiebukuro.yahoo.co.jp/qa/question_detail/q11324546556,◆床下ｴｱｺﾝ暖房の電気代は『通常ｴｱｺﾝより20％低減可能!?』といわれるが、、 実際に使用している方、使用検討された方、有識者の見解を教示願います。 ※床下ｴｱｺﾝの『建設費(初期投資)』を含めた...,0,0
66,2026/1/22 4:43,英語,非公開,17分,1,6,6.0,0,1,0.339,16.67,0.02,4.59,あと3日,https://detail.chiebukuro.yahoo.co.jp/qa/question_detail/q10324546555,可算名詞と不可算名詞の見分け方で良い判断基準があれば教えてください。 形がイメージできるか、概念かどうかのような、例外が多分に含まれた判断基準は不要です。,0,0
67,2026/1/22 4:43,幼児教育、幼稚園、保育園,b7f7e4787,17分,0,2,2.0,0,0,0.113,0.0,0.0,0.11,あと3日,https://detail.chiebukuro.yahoo.co.jp/qa/question_detail/q14324546554,幼稚園の入園式の日程について質問です 今年４月から娘が、横浜市青葉区にある 「田園都市幼稚園」に入園します 入園式の日は２月２０日過ぎに通知されるそうです 自分の仕事の都合上早目に日程を知りたいのです...,0,0
68,2026/1/22 4:43,ゲーム,c5d436cf7,17分,2,4,2.0,0,0,0.224,50.0,0.0,5.53,あと3日,https://detail.chiebukuro.yahoo.co.jp/qa/question_detail/q13324546553,恋と深空についての質問です。 先日から恋と深空をインストールして楽しんでいるのですが、公式Xを見たところ期間限定ストーリー？のようなものがある事を知りました。 私はてっきりそう言ったストーリーは全て本...,0,0
69,2026/1/22 4:43,政治、社会問題,1149953731,17分,0,3,3.0,0,0,0.168,0.0,0.0,0.16,あと3日,https://detail.chiebukuro.yahoo.co.jp/qa/question_detail/q12324546552,"特に政策的な選好のない2人の立候補者A,Bがいるとする。立候補者Bは自身の得票率を最大化した権者の公約への好みが0から1に一様分布していて、候補者Aが以下の図のようにすでに公約を決定 場合、Bが公約す...",0,0
70,2026/1/22 4:43,この仕事教えて,れん,17分,0,1,1.0,0,0,0.056,0.0,0.0,0.05,あと3日,https://detail.chiebukuro.yahoo.co.jp/qa/question_detail/q11324546551,ダンボール等の資源ゴミ回収の仕事は体力的にキツイのでしょうか？,0,0
71,2026/1/22 4:42,一般教養,ac9bc3fed,18分,0,2,2.0,0,0,0.105,0.0,0.0,0.1,あと3日,https://detail.chiebukuro.yahoo.co.jp/qa/question_detail/q10324546550,この世は夢幻で全ては無くなるのに何故天下を統一しようとしたり勢力争いをしたりするのでしょうか？,0,0
72,2026/1/22 4:42,ご近所の悩み,1153232499,19分,2,12,6.0,0,0,0.63,16.67,0.04,5.59,あと3日,https://detail.chiebukuro.yahoo.co.jp/qa/question_detail/q14324546549,毎日のように壁を叩いてきていた隣人がいるのですが、思い返せば3日くらい壁を叩かれていません。顔は知ってますが話したことはないくらいの関係です。 壁が薄いわけではないのですがキッチンが壁にくっついている...,0,0
73,2026/1/22 4:42,運転免許,1150502210,19分,0,2,2.0,0,0,0.105,0.0,0.0,0.1,あと3日,https://detail.chiebukuro.yahoo.co.jp/qa/question_detail/q13324546548,高二男子です。この先、原付から順々に免許を取っていきたいんですけど、自分は運動をやっていなくて非力でバイクが倒れてしまった際、持ち上げられない可能性があって、それって免許取ることできないですかね。 取...,0,0
74,2026/1/22 4:42,恋愛相談,ton********,19分,0,8,8.0,0,0,0.418,0.0,0.0,0.4,あと3日,https://detail.chiebukuro.yahoo.co.jp/qa/question_detail/q12324546547,とあるyoutuberが恋愛を理由に動画投稿を引退すると宣言していました。 登録者数3万人程度のyoutuberです。 犯罪歴があり、その犯罪内容について語る動画などもあったので、それらが恋人の心象を...,0,0
75,2026/1/22 4:42,幼児教育、幼稚園、保育園,wdpk0864,19分,0,3,3.0,0,0,0.156,0.0,0.0,0.15,あと3日,https://detail.chiebukuro.yahoo.co.jp/qa/question_detail/q11324546546,保育園の申し込みについてアドバイスいただきたいです。 昨年11月に第一子を出産したのですが、長期入院や転院や繰り返す出血で常にバタバタしており、保育園の事を全く考えられていませんでした…。 申し込みが...,0,0
76,2026/1/22 4:42,コミック,1150832791,19分,1,6,6.0,0,0,0.311,16.67,0.02,2.76,あと3日,https://detail.chiebukuro.yahoo.co.jp/qa/question_detail/q10324546545,呪術廻戦で五条悟はどれほど強いのでしょうか？ 個人的に作中に出てきた中だと宿儺の次に強いイメージなのですがその宿儺も受肉体かつ指19本でまだ本気を出していなかったとの事、宿儺が生きていた時代、過去には...,0,0
77,2026/1/22 4:42,家族関係の悩み,1051719469,19分,1,23,23.0,0,3,1.191,4.35,0.27,8.02,あと3日,https://detail.chiebukuro.yahoo.co.jp/qa/question_detail/q14324546544,母との関係に悩んでいます。22歳女、母子家庭です。文章にするのが難しいので箇条書きで失礼します。 まず前提として私が母に対してやってしまったことを先に書きます。 ・暴言(アダチル、頭がおかしい、気持ち...,0,0
78,2026/1/22 4:41,恋愛相談、人間関係の悩み,ヒステリック,20分,0,5,5.0,0,0,0.245,0.0,0.0,0.23,あと3日,https://detail.chiebukuro.yahoo.co.jp/qa/question_detail/q13324546543,彼氏が女の配信で愛してるのギフト投げてます。その女の配信者からも彼氏が配信してる時に愛してるのギフトが来てギフリアで俺も愛してるって言ってます。 前嫌だって伝えた時はやめてくれたけど最近は愛してるって...,0,0
79,2026/1/22 4:41,政治、社会問題,1149953731,20分,0,4,4.0,0,0,0.196,0.0,0.0,0.19,あと3日,https://detail.chiebukuro.yahoo.co.jp/qa/question_detail/q12324546542,"特に政策的な選好のない2人の立候補者A,Bがいるとする。立候補者Bは自身の得票率を最大化した権者の公約への好みが0から1に一様分布していて、候補者Aが以下の図のようにすでに公約を決定 場合、Bが公約す...",0,0
80,2026/1/22 4:41,メルカリ,yui********,20分,0,9,9.0,0,0,0.439,0.0,0.0,0.42,あと3日,https://detail.chiebukuro.yahoo.co.jp/qa/question_detail/q11324546541,メルカリの出品をしています。諸事情でキャンセル取り引きが多くなり数日、利用制限となりました。数十冊、購入された方がいて、1冊ずつ、キャンセルした事が原因の様です。 購入者様のお陰で利用制限がなくなった...,0,0
81,2026/1/22 4:41,アルバイト、フリーター,1152590880,20分,0,4,4.0,0,0,0.195,0.0,0.0,0.19,あと3日,https://detail.chiebukuro.yahoo.co.jp/qa/question_detail/q10324546540,Uberの配達員みたいに自由なバイトありますか？,0,0
82,2026/1/22 4:41,楽器全般,どるふぃ,20分,0,1,1.0,0,0,0.048,0.0,0.0,0.05,あと3日,https://detail.chiebukuro.yahoo.co.jp/qa/question_detail/q14324546539,ニッカン・インペリアルのアルトサックスについて質問です。 いつ頃制作された楽器なのかご存知の方はいらっしゃいますでしょうか。製造番号は007098です。 ちなみに状態としてはアンラッカー処理した物で、...,0,0
83,2026/1/22 4:41,観光地、行楽地,非公開,20分,0,5,5.0,0,0,0.242,0.0,0.0,0.23,あと3日,https://detail.chiebukuro.yahoo.co.jp/qa/question_detail/q13324546538,沖縄旅行のベストシーズンっていつですか？ 3泊4日で名古屋から出発、レンタカーで移動する場合は大体どのくらいかかりますか？,0,0
84,2026/1/22 4:41,ここ、探してます,yaz********,20分,1,1,1.0,0,0,0.048,100.0,0.0,2.35,あと3日,https://detail.chiebukuro.yahoo.co.jp/qa/question_detail/q12324546537,梅田にあるりそな銀行のReラグゼって何する場所ですか？ 父が梅田に出かけたらそこで時間つぶしするって言っていました。コンサートみたいなのの案内もたまにきます。梅田に出掛けるけど空いた時間をどうしようか...,0,0
85,2026/1/22 4:41,ネコ,コサ,20分,1,10,10.0,0,0,0.481,10.0,0.05,2.75,あと3日,https://detail.chiebukuro.yahoo.co.jp/qa/question_detail/q11324546536,皆様助けてください。猫が、猫が可愛すぎてどうにかしちゃいそうです。気が狂っちゃいそうです。猫が可愛すぎて。どうしたらいいですか？,0,0
86,2026/1/22 4:41,数学,So,20分,0,7,7.0,0,0,0.336,0.0,0.0,0.32,あと3日,https://detail.chiebukuro.yahoo.co.jp/qa/question_detail/q10324546535,これの(3)を考えてるのですが何か見落としがあってなりません。どなたか教えてください。,0,0
87,2026/1/22 4:40,アルバイト、フリーター,a91cb8b9b,21分,0,10,10.0,0,0,0.457,0.0,0.0,0.44,あと3日,https://detail.chiebukuro.yahoo.co.jp/qa/question_detail/q14324546534,飲食店でアルバイトをしています。 面接時や入社時に、マスク着用についての説明は特にありませんでした。 働き始めてから、店長や社長から 「接客業なのでマスクは外してほしい」 と言われました。 ただ、私自...,0,0
88,2026/1/22 4:39,ニュース、事件,my_********,22分,2,4,2.0,0,0,0.174,50.0,0.0,4.34,あと3日,https://detail.chiebukuro.yahoo.co.jp/qa/question_detail/q12324546532,公務員には責任はあれど個人的な権限は無いのに、なぜ賄賂や接待みたいな事件が起きるのですか？,0,0
89,2026/1/22 4:39,職場の悩み,匿名希望,23分,2,24,12.0,0,0,1.043,8.33,0.13,5.17,あと3日,https://detail.chiebukuro.yahoo.co.jp/qa/question_detail/q11324546531,仕事を辞めたい、上司への伝え方 小さい会社の事務員として働いているのですが、まだ入社２ヶ月です。 社長のパラパラ気質なところや、当初提示されていなかったはずの業務を任されたりなど不満があるため退職を考...,0,0
90,2026/1/22 4:38,iPhone,1251222815,24分,0,2,2.0,0,0,0.083,0.0,0.0,0.08,あと3日,https://detail.chiebukuro.yahoo.co.jp/qa/question_detail/q10324546530,e simでskyeSiMというのを買って使っていたのですがCMHKというやつだけ何度もやってもネットに繋がりません。 データローミングはonですしプロファイダーも入れたり機内モード、電源onoff思...,0,0
91,2026/1/22 4:38,鉄道、列車、駅,NoNo,24分,0,1,1.0,0,0,0.041,0.0,0.0,0.04,あと3日,https://detail.chiebukuro.yahoo.co.jp/qa/question_detail/q13324546528,神奈川の駅ビルにラスカ平塚、茅ヶ崎や小田原ってありますよね？ 喫煙所に監視カメラって付いてるもんですか？,0,0
92,2026/1/22 4:38,スマートフォン,非公開,24分,0,2,2.0,0,0,0.083,0.0,0.0,0.08,あと3日,https://detail.chiebukuro.yahoo.co.jp/qa/question_detail/q12324546527,今のあなたからスマホがなくなったら、生活に何か影響は出ますか?,0,0
93,2026/1/22 4:38,子育ての悩み,1252813619,24分,3,8,2.7,0,0,0.33,37.5,0.01,6.26,あと3日,https://detail.chiebukuro.yahoo.co.jp/qa/question_detail/q11324546526,ママ友の子たち3〜5歳児から 『〇〇ちゃんママうんち食べるー？？』や 『〇〇ちゃんママうんちうんちー』 とからかわれたり、木の枝で服をペチペチされたりします。ただの遊びやからかいだし私自身は気にならな...,0,0
94,2026/1/22 4:38,SIMフリー端末,syj********,24分,0,2,2.0,0,0,0.082,0.0,0.0,0.08,あと3日,https://detail.chiebukuro.yahoo.co.jp/qa/question_detail/q10324546525,新しいSIMで中古の端末でxの垢を作ろうとしたら 電話番号入力、メール入力、いずれもできないのですがなったことがある方はいますか？ いるならその後どうなったか知りたいので 教えていただけるとありがたい...,0,0
95,2026/1/22 4:37,海外サッカー,1153154304,25分,0,1,1.0,0,0,0.039,0.0,0.0,0.04,あと3日,https://detail.chiebukuro.yahoo.co.jp/qa/question_detail/q14324546524,プレミアリーグを観戦しに行くのですが、それに従って現地でユニフォームを買おうと思ってます。長袖と半袖どちらがいいと思いますか？現地の方はどっちを買う傾向がありますか？,0,0
96,2026/1/22 4:37,政治、社会問題,わしが男塾塾長 楽天パンダである,25分,2,10,5.0,0,0,0.394,20.0,0.02,4.17,あと3日,https://detail.chiebukuro.yahoo.co.jp/qa/question_detail/q13324546523,黒髪女子初の 早苗総理は、 衆議院大敗したら 総理お辞めですが 女に、二言はないですよね？,0,0
97,2026/1/22 4:37,アニメ,ken********,25分,0,5,5.0,0,0,0.196,0.0,0.0,0.19,あと3日,https://detail.chiebukuro.yahoo.co.jp/qa/question_detail/q11324546521,クレヨンしんちゃんのむさえは大人になると境遇に泣けます。単にダメな大人ではないと思います。子供の頃はだらしない大人に見えましたね。 確かむさえはカメラマンをやっていてジャンルは風景画である時師匠から風...,0,0
98,2026/1/22 4:37,恋愛相談、人間関係の悩み,匿名,25分,1,13,13.0,0,1,0.509,7.69,0.07,3.51,あと3日,https://detail.chiebukuro.yahoo.co.jp/qa/question_detail/q12324546522,電話でだけ話している、28歳の女性に、 ｢私はよく高校生に間違われます｣ と言われたら、驚きますか？,0,0
99,2026/1/22 4:36,ゲーム,やせ地,26分,0,2,2.0,0,0,0.075,0.0,0.0,0.07,あと3日,https://detail.chiebukuro.yahoo.co.jp/qa/question_detail/q10324546520,アークナイツ エンドフィールド レーヴァテインって恒常のアタッカーと比べると大分火力が違いますかね。 もしそんなに差がないなら石節約しようと思うのですが。,0,0
100,2026/1/22 4:36,病気、症状,非公開,26分,1,11,11.0,0,0,0.412,9.09,0.05,2.2,あと3日,https://detail.chiebukuro.yahoo.co.jp/qa/question_detail/q14324546519,朝までぐっすり眠りたい 去年の5月から中途覚醒に悩んでいます。もともと眠りが浅く、定期的に不眠になる時期が来ますが、今回はなかなか抜け出せません。 今日は23:00に布団に入るも2:30に目覚め、そこ...,0,0
101,2026/1/22 4:36,ニュース、事件,BBA,26分,1,9,9.0,0,0,0.337,11.11,0.03,2.13,あと3日,https://detail.chiebukuro.yahoo.co.jp/qa/question_detail/q13324546518,自民党「裏金議員37人擁立」発表 やっぱり壺市早苗なんでしょうか？,0,0
102,2026/1/22 4:36,コミック,非公開,26分,1,5,5.0,0,0,0.187,20.0,0.01,1.98,あと3日,https://detail.chiebukuro.yahoo.co.jp/qa/question_detail/q12324546517,男キャラ同士の共依存的な関係が描かれてる漫画・アニメありますか？ 10歳から〜17歳の男の子同士がいいです。,0,0
103,2026/1/22 4:36,病気、症状,sae********,26分,1,6,6.0,0,0,0.223,16.67,0.01,2.01,あと3日,https://detail.chiebukuro.yahoo.co.jp/qa/question_detail/q11324546516,更年期障害はいつから始まりますか？ 当方今年30になる歳なのですが、3日ほど前から身体のほてりに悩まされています。生理一週間前なのでPMSなのかなとも思ったのですがこんな酷いPMSにはなった事がなく困...,0,0
104,2026/1/22 4:36,メルカリ,yui********,26分,0,3,3.0,0,0,0.111,0.0,0.0,0.11,あと3日,https://detail.chiebukuro.yahoo.co.jp/qa/question_detail/q10324546515,メルカリの出品をしています。諸事情でキャンセル取り引きが多くなり数日、利用制限となりました。数十冊、購入された方がいて、1冊ずつ、キャンセルした事が原因の様です。 購入者様のお陰で利用制限がなくなった...,0,0
105,2026/1/22 4:36,ゲーム,きなこもち,26分,0,0,0.0,0,0,0.0,0.0,0.0,0.0,あと3日,https://detail.chiebukuro.yahoo.co.jp/qa/question_detail/q14324546514,FPSでの手首エイムについて 今までずっとFPSで手首エイムはダメだと思ってたんですがダステルさんのbf4の決勝の動画を見てたら手首エイムをしていました。 FPSでも手首エイムはありなんでしょうか？そ...,0,0
106,2026/1/22 4:35,大学受験,sxh********,28分,1,13,13.0,0,1,0.464,7.69,0.06,3.2,あと3日,https://detail.chiebukuro.yahoo.co.jp/qa/question_detail/q13324546513,春から高3になります。最近Webデザイナーの仕事を知り、将来はWebデザイナーになりたいです。 進路としては美術大学かWebデザインの専門学校に通いたいと考えています。 できれば美大の方が将来的に給料...,0,0
107,2026/1/22 4:35,動物,非公開,28分,1,6,6.0,0,0,0.213,16.67,0.01,1.92,あと3日,https://detail.chiebukuro.yahoo.co.jp/qa/question_detail/q12324546512,草食動物は、肉食動物が自分達を殺して食べるという事を分かってはいても、肉食動物の危険と隣り合わせで生きています。 . 確実に自分達を殺して食べようとしている相手が身近にいる中で生きるなんて考えるとゾッ...,0,0
108,2026/1/22 4:35,刀剣乱舞,匿名,28分,0,3,3.0,0,0,0.107,0.0,0.0,0.1,あと3日,https://detail.chiebukuro.yahoo.co.jp/qa/question_detail/q11324546511,刀剣乱舞のレベリングについて質問です。 極になっている刀剣は以下の通りなのですが優先して育成すべき子は誰でしょうか。短刀、脇差、打刀、太刀、大太刀、槍、薙刀が強くなったと感じるレベルも教えて頂きたいで...,0,0
109,2026/1/22 4:35,病気、症状,ID非公,28分,0,5,5.0,0,0,0.177,0.0,0.0,0.17,あと3日,https://detail.chiebukuro.yahoo.co.jp/qa/question_detail/q10324546510,肝臓やられて熱出るってありえますか？,0,0
110,2026/1/22 4:35,ドコモ,1050579151,28分,0,2,2.0,0,0,0.071,0.0,0.0,0.07,あと3日,https://detail.chiebukuro.yahoo.co.jp/qa/question_detail/q13324546508,ドコモの5G Welcome割引について質問です。 現在回線はドコモなのですが、他者からの乗り換えでない限り上記割引の特典は受けられません。 その場合、極端な話をするとドコモから楽天の回線に変えて数日...,0,0
111,2026/1/22 4:35,芸能人,ナミ,28分,0,1,1.0,0,0,0.035,0.0,0.0,0.03,あと3日,https://detail.chiebukuro.yahoo.co.jp/qa/question_detail/q12324546507,この中で顔が可愛い順(整ってる順)で番号を使ってランキングしてみて欲しいです！,0,0
112,2026/1/22 4:35,学校の悩み,tub********,28分,1,5,5.0,0,0,0.176,20.0,0.01,1.87,あと3日,https://detail.chiebukuro.yahoo.co.jp/qa/question_detail/q11324546506,軽度知的障害の息子についてです。私の息子は3歳からADHDがあります。軽度知的障害、精神遅滞がありました。支援学級に在籍してゆっくりと学校生活を送りました。 中3まで学校の行事にはきちんと出席したり自...,0,0
113,2026/1/22 4:35,ヘアケア,827723,28分,1,4,4.0,0,0,0.14,25.0,0.01,1.83,あと3日,https://detail.chiebukuro.yahoo.co.jp/qa/question_detail/q10324546505,だのように工夫して乾かしたりしても襟足がバラバラになってきたなくなります、縮毛かけてるのになぜこうなんでしょうか？誰か対処法教えてください,0,0
114,2026/1/22 4:34,学校の悩み,a2e24ab35,29分,0,10,10.0,0,0,0.339,0.0,0.0,0.33,あと3日,https://detail.chiebukuro.yahoo.co.jp/qa/question_detail/q14324546504,高校生です。私は電車通学で、いつも通勤ラッシュと重なり満員電車の中通学しています。しかし最近満員電車がキツくなってきたため、もっと早く家を出て学校に行こうと考えました。 しかし学校に朝早く行って勉強し...,0,0
115,2026/1/22 4:34,職場の悩み,my_********,29分,1,6,6.0,0,0,0.203,16.67,0.01,1.83,あと3日,https://detail.chiebukuro.yahoo.co.jp/qa/question_detail/q13324546503,職業差別される職業は公務員だけですよね？,0,0
116,2026/1/22 4:34,恋愛相談、人間関係の悩み,1152333726,29分,4,44,11.0,0,0,1.484,9.09,0.16,7.96,あと3日,https://detail.chiebukuro.yahoo.co.jp/qa/question_detail/q11324546501,(至急)どう思いますか。 相手の親には会ったことがあります。 いま午前4時30分のできごとです。 遠距離の彼氏と電話をしていて、 お互いスマホゲームをしていました。 彼氏の家は壁が薄い？アパートで、 ...,0,0
117,2026/1/22 4:34,女性アイドル,ナミ,29分,0,1,1.0,0,0,0.034,0.0,0.0,0.03,あと3日,https://detail.chiebukuro.yahoo.co.jp/qa/question_detail/q10324546500,この中で顔が可愛い順(整ってる順)で番号を使ってランキングしてみて欲しいです！,0,0
118,2026/1/22 4:34,トレーディングカード,夜の暴れん坊将軍,29分,0,2,2.0,0,0,0.067,0.0,0.0,0.07,あと3日,https://detail.chiebukuro.yahoo.co.jp/qa/question_detail/q14324546499,バンダイのトレーディングカード「ガンダムウォー 」について質問です。 自軍ターンに「SPC-15 未来への彷徨」で敵軍から自軍配備エリアに移したユニットに「C-101 火急の措置」で解体コインを乗せた...,0,0
119,2026/1/22 4:33,K-POP、アジア,a804c2f79,30分,0,3,3.0,0,0,0.097,0.0,0.0,0.09,あと3日,https://detail.chiebukuro.yahoo.co.jp/qa/question_detail/q12324546497,EXOのD.O.のバブルって今やっているのでしょうか？ ギョンスを追っていたのが9年前でそれ以降ケーポほぼ触れてきてなかったのでバブルの仕組みなど全くわからず、おばあちゃんに教えるつもりで詳しく教えて...,0,0
120,2026/1/22 4:33,アニメ,ミント,30分,1,4,4.0,0,0,0.13,25.0,0.01,1.69,あと3日,https://detail.chiebukuro.yahoo.co.jp/qa/question_detail/q11324546496,顔出し有名人がアニメのアフレコに挑戦は好きですか？,0,0
121,2026/1/22 4:32,ゲーム,非公開,31分,1,3,3.0,0,0,0.094,33.33,0.0,1.61,あと3日,https://detail.chiebukuro.yahoo.co.jp/qa/question_detail/q10324546495,あんさんぶるスターズ！(！)斎宮宗のえ、これマジ？となる情報ください。どんな些細なことでも教えて頂きたいです！,0,0
122,2026/1/22 4:32,宗教,zua********,31分,4,16,4.0,0,0,0.5,25.0,0.02,6.55,あと3日,https://detail.chiebukuro.yahoo.co.jp/qa/question_detail/q14324546494,宗教にどっぷりハマってるのは愚かですか？,0,0
123,2026/1/22 4:32,病気、症状,非公開,32分,1,8,8.0,0,0,0.25,12.5,0.02,1.75,あと3日,https://detail.chiebukuro.yahoo.co.jp/qa/question_detail/q13324546493,ぎっくり腰の仕事復帰の目安について 療育の施設で保育士として働いているのですが、火曜の仕事中に腰を痛めました。 昨日病院で診てもらったところぎっくり腰と診断。医師からは数日間安静に、と話がありました。...,0,0
124,2026/1/22 4:32,X（旧Twitter）,ぅ,32分,1,6,6.0,0,0,0.187,16.67,0.01,1.69,あと3日,https://detail.chiebukuro.yahoo.co.jp/qa/question_detail/q12324546492,"X（旧Twitter）で新しくアカウントを作ると何もしていないのに必ず作った瞬間に""ご利用のアカウントは一時的に機能が制限されています""と表示され12時間、 または24時間いいねリポストフォローすべて...",0,0
125,2026/1/22 4:32,イヌ,tom********,32分,1,6,6.0,0,0,0.187,16.67,0.01,1.69,あと3日,https://detail.chiebukuro.yahoo.co.jp/qa/question_detail/q11324546491,ミニピン♂7歳が人間が食べる用の麻婆豆腐をボール1杯食べてしまいました。 飼い主である私の不注意でてのとどくところに置いてしまい、みていない隙に食べてしまった様です。 最初は気づかず、よく水飲むなと思...,0,0
126,2026/1/22 4:32,ローン,1149905789,32分,0,3,3.0,0,0,0.093,0.0,0.0,0.09,あと3日,https://detail.chiebukuro.yahoo.co.jp/qa/question_detail/q10324546490,オリコカードやアイフルの審査通らない人は みずほカードローンの審査も通らないですか？,0,0
127,2026/1/22 4:32,邦楽,rei********,32分,0,4,4.0,0,0,0.124,0.0,0.0,0.12,あと3日,https://detail.chiebukuro.yahoo.co.jp/qa/question_detail/q12324546487,「未来のムスコ」というドラマの挿入歌のＣＭがよくティーバーで流れてくるのですが、歌っている人は何というグループでしょうか？ ＣＭではサビの部分が流れていて、ブレザーにネクタイ姿のヴォーカルが笑顔で出て...,0,0
128,2026/1/22 4:32,音楽,xye********,32分,0,1,1.0,0,0,0.031,0.0,0.0,0.03,あと3日,https://detail.chiebukuro.yahoo.co.jp/qa/question_detail/q11324546486,テクノやドラムンベースが好きですが、クラブには行ったことありません。 周りに女好きはいますが、純粋に音楽を楽しみにクラブに行くという頭の友達はいません。 やはりテクノ好きでクラブに行かないのはナンセン...,0,0
129,2026/1/22 4:31,料理、食材,kasamira,33分,2,12,6.0,0,0,0.359,16.67,0.02,3.26,あと3日,https://detail.chiebukuro.yahoo.co.jp/qa/question_detail/q10324546485,4:30 もう何か食べたの？,0,0
130,2026/1/22 4:31,アニメ,wge********,33分,1,10,10.0,0,0,0.299,10.0,0.03,1.74,あと3日,https://detail.chiebukuro.yahoo.co.jp/qa/question_detail/q14324546484,「アニメ 爆死」というワードをよく見ますが、これってアニメの制作に関わった会社が実際に赤字を被ったのですか？アニメが爆死したとして会社が潰れることはありませんよね？,0,0
131,2026/1/22 4:30,メンズ全般,jgug57,34分,0,1,1.0,0,0,0.029,0.0,0.0,0.03,あと3日,https://detail.chiebukuro.yahoo.co.jp/qa/question_detail/q13324546483,画像のnikeとoff whiteのセットアップ着たことある方に質問です。身長168だと何サイズがいいと思いますか？着用した方の身長と体格を元にしたサイズ感を教えていただくのでも結構です。,0,0
132,2026/1/22 4:30,インターネットサービス,nan********,34分,0,3,3.0,0,0,0.087,0.0,0.0,0.08,あと3日,https://detail.chiebukuro.yahoo.co.jp/qa/question_detail/q12324546482,グーグルマップの口コミを他人にほか場所の口コミを見れなくする設定はあるのでしょうか？,0,0
133,2026/1/22 4:29,iPhone,mi___08,35分,0,12,12.0,0,0,0.337,0.0,0.0,0.33,あと3日,https://detail.chiebukuro.yahoo.co.jp/qa/question_detail/q11324546481,至急です。 iPhoneのメールアプリについてです。 ドコモメールが必要になり作ったのですが、ずっとこのようなメールが来て大事なメールが埋もれてしまいます。ドコモの方で迷惑メールは設定したのですが改善...,0,0
134,2026/1/22 4:29,将棋、囲碁,aho*********,35分,0,1,1.0,0,0,0.028,0.0,0.0,0.03,あと3日,https://detail.chiebukuro.yahoo.co.jp/qa/question_detail/q10324546480,向かい飛車穴熊ってなんであまり指されないのでしょうか？ 急戦の変化を見せつつ振り穴に組む。結構理にかなっていると思っています。,0,0
135,2026/1/22 4:29,タブレット端末,1151119222,35分,0,2,2.0,0,0,0.056,0.0,0.0,0.05,あと3日,https://detail.chiebukuro.yahoo.co.jp/qa/question_detail/q14324546479,プロセカについて質問です。 私はiPadでプロセカやってるんですけどとても重いんです、iPadは11世代の無印、メモリは6GBです。 今年買ったばっかりでストレージも空いてます。 カクつきすぎでまとも...,0,0
136,2026/1/22 4:28,Google Chrome,aa92139f0,36分,0,1,1.0,0,0,0.027,0.0,0.0,0.03,あと3日,https://detail.chiebukuro.yahoo.co.jp/qa/question_detail/q12324546477,Chromeで検索しようとしても画像のようにバーが一定の位置で固まってしまって、一切検索できません。 ここ3日くらい使うことができず、データやキャッシュを削除したり再起動してみたりWiFiを切って繋げ...,0,0
137,2026/1/22 4:28,郵便、宅配,b6108b2df,36分,0,6,6.0,0,0,0.163,0.0,0.0,0.16,あと3日,https://detail.chiebukuro.yahoo.co.jp/qa/question_detail/q13324546478,あと少しで屋久島スクーリングに行かなきゃならないんですけど、4泊5日＋1日分の服ように書いていて、めっちゃ荷物多かったんですけど、まじででかい段ボールに5日分入れて送ってしまいました。 あとの1日分は...,0,0
138,2026/1/22 4:28,友人関係の悩み,非公開,36分,2,10,5.0,0,2,0.271,20.0,0.01,4.48,あと3日,https://detail.chiebukuro.yahoo.co.jp/qa/question_detail/q11324546476,最近友達がスピってて怖いです。隕石まりこ?とかいう人のリール動画をいっぱい送ってきたり、愚痴を話してると氣が大事だよみたいなこと言ってきます。私はどんな反応すればいいんですか？,0,0
139,2026/1/22 4:28,政治、社会問題,nyossulollollol,36分,1,9,9.0,0,0,0.243,11.11,0.02,1.55,あと3日,https://detail.chiebukuro.yahoo.co.jp/qa/question_detail/q10324546475,なんで高市総理はスパイ防止法導入しないんですか？,0,0
140,2026/1/22 4:28,電子マネー、電子決済,なの,37分,0,13,13.0,0,0,0.351,0.0,0.0,0.34,あと3日,https://detail.chiebukuro.yahoo.co.jp/qa/question_detail/q14324546474,至急 Appleアカウントの支払い方法にPayPayを設定しており以前からPayPayポイントを使用して普通に課金していたのですがPayPayポイントを貯める設定に変えたためか課金したものが保留中に ...,0,0
141,2026/1/22 4:28,運転免許,wil********,37分,0,6,6.0,0,0,0.162,0.0,0.0,0.16,あと3日,https://detail.chiebukuro.yahoo.co.jp/qa/question_detail/q13324546473,交通ルールについて教えてください。 以下のように理解しています。 センターライン 白実線 →追い越し○はみ出し×停止車両回避のためでもはみ出し× 黄実線 →追い越し○はみ出し× 停止車両回避のためのは...,0,0
142,2026/1/22 4:28,レディースシューズ,1150728591,37分,1,5,5.0,0,0,0.134,20.0,0.01,1.44,あと3日,https://detail.chiebukuro.yahoo.co.jp/qa/question_detail/q12324546472,この靴 どこのものか 分かりますか？,0,0
143,2026/1/22 4:27,法律、消費者問題,kis********,38分,0,7,7.0,0,0,0.183,0.0,0.0,0.18,あと3日,https://detail.chiebukuro.yahoo.co.jp/qa/question_detail/q11324546471,最近スーパーでよくある小さなガラス製の小瓶に入った珍味を買ったのですが、自宅で蓋を開けようと持つと何かが床に落ちました。 見るとガラスの欠片が落ちてて、見れば瓶の底の一部が欠落してました。 これってメ...,0,0
144,2026/1/22 4:27,ピアス,ぽて,38分,1,31,31.0,0,2,0.809,3.23,0.25,3.59,あと3日,https://detail.chiebukuro.yahoo.co.jp/qa/question_detail/q14324546469,高校生です。 親にピアスを開けたいという旨を伝えたら、 「どうしても開けたいならお金出してあげるから病院で開けな。」と言われました。 親の考えとしては友達に開けてもらうのは責任が伴うことだからダメだ、...,0,0
145,2026/1/22 4:27,レディース全般,匿名,38分,1,5,5.0,0,0,0.13,20.0,0.01,1.4,あと3日,https://detail.chiebukuro.yahoo.co.jp/qa/question_detail/q12324546467,顔が大学生に見える、28歳の女性は、30歳～35歳になってミニスカートを穿いていても、痛くないですか？,0,0
146,2026/1/22 4:27,鉄道、列車、駅,1150375327,38分,0,1,1.0,0,0,0.026,0.0,0.0,0.03,あと3日,https://detail.chiebukuro.yahoo.co.jp/qa/question_detail/q13324546468,今日の18時19時台にJR山陰線(京都園部区間)運休になる可能性ありますか？ 学校行けても帰れないと困るので行くか迷ってます。,0,0
147,2026/1/22 4:27,X（旧Twitter）,1252903529,38分,0,6,6.0,0,0,0.156,0.0,0.0,0.15,あと3日,https://detail.chiebukuro.yahoo.co.jp/qa/question_detail/q11324546466,最近、Twitterで写真を撮ればどこでも(笑)がつけれるみたいな投稿を見たんですけどあれってどこで買えますか？(笑)じゃなくてもジャポニカ学習帳とかそのようなものでも大丈夫です。,0,0
148,2026/1/22 4:27,ゲーム,1051694341,38分,0,2,2.0,0,0,0.052,0.0,0.0,0.05,あと3日,https://detail.chiebukuro.yahoo.co.jp/qa/question_detail/q10324546465,私はこの画像のガイル側なのですがソニックのコマンドを入れたつもりが小パンからのキャンセルラッシュになってしまっています。 コマンドの入力が遅いのでしょうか、それとも別の原因があるのでしょうか,0,0
149,2026/1/22 4:26,職場の悩み,jap********,39分,0,4,4.0,0,0,0.101,0.0,0.0,0.1,あと3日,https://detail.chiebukuro.yahoo.co.jp/qa/question_detail/q14324546464,社長が高齢で会社をたたんだ場合は倒産？倒産とは違う？たたんだ、と言うだけ？ 倒産で辞書をひくと資金繰りが行き詰まりとあるから年齢でたたんだのとは違う意味になるし、どうなんかと思って,0,0
150,2026/1/22 4:26,友人関係の悩み,******,39分,0,12,12.0,0,0,0.302,0.0,0.0,0.3,あと3日,https://detail.chiebukuro.yahoo.co.jp/qa/question_detail/q13324546463,私の周りを見てると結婚した後に夫が育児に非協力的になり、苦労してる女友達や、 わざと奥さんの洗い物を結婚した後から洗わず無言で残したり、、 結婚当初や付き合ってる頃はすごく幸せそうだったのになぜ？ と...,0,0
151,2026/1/22 4:26,病気、症状,いちご,39分,1,10,10.0,0,0,0.252,10.0,0.03,1.47,あと3日,https://detail.chiebukuro.yahoo.co.jp/qa/question_detail/q11324546461,枕の下から白い球体が出てきたのですが、これは何だと思いますか？,0,0
152,2026/1/22 4:26,ファッション,1050055854,39分,0,0,0.0,0,0,0.0,0.0,0.0,0.0,あと3日,https://detail.chiebukuro.yahoo.co.jp/qa/question_detail/q14324546459,Adoのボアフリースって店頭販売何日で売り切れたか知ってる方いますか？ 大阪のほう行くので参考にしたいです。,0,0
153,2026/1/22 4:25,病気、症状,いちご,40分,0,4,4.0,0,0,0.098,0.0,0.0,0.1,あと3日,https://detail.chiebukuro.yahoo.co.jp/qa/question_detail/q13324546458,枕の下から白い球体が出てきたのですが、これは何だと思いますか？,0,0
154,2026/1/22 4:25,ファッション,匿名,40分,0,5,5.0,0,0,0.122,0.0,0.0,0.12,あと3日,https://detail.chiebukuro.yahoo.co.jp/qa/question_detail/q11324546456,【ミニスカートを穿いている事好きで、顔が可愛い女性】は、下記で、多い順番は何ですか？ ①顔がかっこいい男性好きな人 ②顔がかっこいい男性嫌いな人 ③顔がかっこいい男性に優しい人 ④顔がかっこいい男性に...,0,0
155,2026/1/22 4:25,麻雀,1052970523,41分,0,3,3.0,0,0,0.073,0.0,0.0,0.07,あと3日,https://detail.chiebukuro.yahoo.co.jp/qa/question_detail/q14324546454,急募 麻雀 最近天鳳始めたのですが、4段になってからの成績がグロすぎます。ラス率30%弱、トップ率20%弱となっています。 大学生で雀荘メンバーしていてほぼ毎月対人は黒ってますくらいの雀力です。で、な...,0,0
156,2026/1/22 4:24,家族関係の悩み,1253066816,42分,0,9,9.0,0,0,0.214,0.0,0.0,0.21,あと3日,https://detail.chiebukuro.yahoo.co.jp/qa/question_detail/q13324546453,親が弱っていくのが辛いです、私にはなにができるのでしょうか。 私は15歳で現在高校一年生です、親は父が60歳で、母が50歳です。 私以外にも兄弟が3人いたのですがもう皆んな1人暮らししていて、今の家に...,0,0
157,2026/1/22 4:24,クリスマス,kasamira,42分,1,9,9.0,0,0,0.214,11.11,0.02,1.37,あと3日,https://detail.chiebukuro.yahoo.co.jp/qa/question_detail/q12324546452,4:24 早く起きた朝は知恵袋以外何してるの？,0,0
158,2026/1/22 4:24,起業,b4e431e9e,42分,0,2,2.0,0,0,0.047,0.0,0.0,0.05,あと3日,https://detail.chiebukuro.yahoo.co.jp/qa/question_detail/q11324546451,ジーバーフードという会社にフランチャイズの個別説明会ということでzoomで参加しました。 しかし、「あなたの話が面白い、説明はしなくても後で送る書類を見てもらえれば理解できると思うのでこの時間は色々と...,0,0
159,2026/1/22 4:24,家族関係の悩み,non********,42分,3,26,8.7,0,0,0.616,11.54,0.05,4.07,あと3日,https://detail.chiebukuro.yahoo.co.jp/qa/question_detail/q10324546450,皆さんの意見聞いてみたいです 知人の体験談で、気になったことです。 結婚せず子供産むことはただの親のエゴですか？ 結婚せず子供が育つのは不幸ですか？ まあ確かに私もエゴっちゃあエゴか、、とは思うんです...,0,0
160,2026/1/22 4:24,就職、転職,my_********,42分,3,7,2.3,0,0,0.165,42.86,0.0,3.63,あと3日,https://detail.chiebukuro.yahoo.co.jp/qa/question_detail/q14324546449,デスクワークの公務員から肉体労働の仕事に再就職した場合、体はきついかもしれませんが、気は楽になりますよね？,0,0
161,2026/1/22 4:24,テーマパーク,syu********,42分,0,8,8.0,0,0,0.189,0.0,0.0,0.18,あと3日,https://detail.chiebukuro.yahoo.co.jp/qa/question_detail/q13324546448,大至急お願いします。 ディズニーのチケットをカレッジパスポートで買っていて明日（というか今日）入園するのですが学生証を家に忘れてきてしまいました。 この場合、入園拒否になるのでしょうか？それとも差額分...,0,0
162,2026/1/22 4:23,家族関係の悩み,非公開,43分,0,11,11.0,0,0,0.253,0.0,0.0,0.25,あと3日,https://detail.chiebukuro.yahoo.co.jp/qa/question_detail/q12324546447,国際結婚、夫の国ドイツ在住です。 最近、夫との将来が見えなくなってきてしまいました。 些細なことで揉めるのですが、同じことの繰り返し。 夫には悪気がないけど、こういうことは傷つくからやめてという事をな...,0,0
163,2026/1/22 4:23,恋愛相談、人間関係の悩み,1152182163,43分,4,23,5.8,0,0,0.529,17.39,0.03,5.01,あと3日,https://detail.chiebukuro.yahoo.co.jp/qa/question_detail/q10324546445,…世の中は金です 違いますか,0,0
164,2026/1/22 4:23,恋愛相談、人間関係の悩み,nan********,43分,0,7,7.0,0,0,0.161,0.0,0.0,0.16,あと3日,https://detail.chiebukuro.yahoo.co.jp/qa/question_detail/q14324546444,現在35歳独身女性で結婚願望があります、 お金と若さあなたならどちらを優先しますか？今年出世して1年間働いたら300万ほど貯金できます。 ナルコレプシー持ちで仕事がなかなか続かず、休日も遊ばずキリキリ...,0,0
165,2026/1/22 4:23,飲食店,baee02f8f,43分,0,3,3.0,0,0,0.069,0.0,0.0,0.07,あと3日,https://detail.chiebukuro.yahoo.co.jp/qa/question_detail/q13324546443,質問です。記念日に東京で1万円〜2万円ほどで焼肉を食べようと思っているのですが、焼くのはお店側にお願いできるのでしょうか？あまりこういった経験がないので何卒よろしくお願いします,0,0
166,2026/1/22 4:23,iPhone,.,43分,0,7,7.0,0,0,0.16,0.0,0.0,0.16,あと3日,https://detail.chiebukuro.yahoo.co.jp/qa/question_detail/q12324546442,先ほどiOS26.2にやっとアップデートしたのですが、充電の減りが異常に早いです。 バッテリーの状態は88%で、1時間ほどスマホを触っていましたがもう20%も減ってしまいました。 どうにか対処できない...,0,0
167,2026/1/22 4:23,皮膚の病気、アトピー,125*******,43分,0,0,0.0,0,0,0.0,0.0,0.0,0.0,あと3日,https://detail.chiebukuro.yahoo.co.jp/qa/question_detail/q11324546441,アトピー、私の場合油と肉魚食べなかったら痒くなくなることは、実証済みなのですが、 （タンパク質はチーズ、卵、納豆） いつも母の料理が美味しそうで母の料理も食べてしまいます。アドバイスお願いします。,0,0
168,2026/1/22 4:23,ポケットモンスター,ce7cdfabf,43分,0,2,2.0,0,0,0.046,0.0,0.0,0.04,あと3日,https://detail.chiebukuro.yahoo.co.jp/qa/question_detail/q10324546440,ポケモンSVでコライドンでのアイテム増殖ってまだできますか？昔のアプデでコライドンの複製ができなりましたがアイテム複製は修正されず今はもう修正されているのでしょうか？,0,0
169,2026/1/22 4:23,恋愛相談、人間関係の悩み,moc********,43分,0,5,5.0,0,0,0.114,0.0,0.0,0.11,あと3日,https://detail.chiebukuro.yahoo.co.jp/qa/question_detail/q14324546439,ホストが初回で高い名刺くれたら脈ありなんですか？というか可愛いと思われてるってことですか？ 逆に売れてそうなのに写真なし名刺だったら不自然ですよね。,0,0
170,2026/1/22 4:22,大学受験,:D,44分,0,9,9.0,0,0,0.2,0.0,0.0,0.2,あと3日,https://detail.chiebukuro.yahoo.co.jp/qa/question_detail/q13324546438,日本大学の全学部入試（文理学部心理学科希望です、全学部ですがこれしか受けません）を受けるか迷っています。 皆様ならどうするか、どうした方が良いと思うかお聞きしたいです( ᵕ ᵕ̩̩ ) こんな状況です...,0,0
171,2026/1/22 4:22,法律相談,1051677148,44分,0,4,4.0,0,0,0.089,0.0,0.0,0.09,あと3日,https://detail.chiebukuro.yahoo.co.jp/qa/question_detail/q12324546437,推しのファンアートを書きました！ ただかなり表情が上手くかけたので自分のアイコンにしたいのですが これは著作権に引っかかりますか？ なんか著作権じゃなくとも書いた本人だからってアイコンにするのは世間的...,0,0
172,2026/1/22 4:22,大学受験,cdb60f872,45分,0,25,25.0,1,0,0.555,0.0,0.0,2.72,あと3日,https://detail.chiebukuro.yahoo.co.jp/qa/question_detail/q11324546436,進路についてです。 どこに進めばいいのか自分でもわからなくなってしまいました。 浪人１年目の女です。 今まで国立理系、医学部歯学部を目指して勉強してきました。やっぱりお医者さんはかっこいいと思って憧れ...,0,0
173,2026/1/22 4:22,恋愛相談、人間関係の悩み,名無し,45分,0,5,5.0,0,0,0.111,0.0,0.0,0.11,あと3日,https://detail.chiebukuro.yahoo.co.jp/qa/question_detail/q10324546435,やはりインスタの鍵垢の内容はネット社会なのでバレますか？,0,0
174,2026/1/22 4:22,友人関係の悩み,fuu********,45分,2,14,7.0,0,0,0.31,14.29,0.02,2.47,あと3日,https://detail.chiebukuro.yahoo.co.jp/qa/question_detail/q14324546434,SNSで知り合ってリアルに遊ぶ友達が出来ました。 週２でランチに行ってるんですが、給料日前になると友達がお金が無くなり毎回奢って居ます。 スマホ代6万円を貸してとも言われたので断りました。 また、1歳...,0,0
175,2026/1/22 4:22,税金,a166c89e5,45分,1,13,13.0,0,0,0.288,7.69,0.04,1.36,あと3日,https://detail.chiebukuro.yahoo.co.jp/qa/question_detail/q13324546433,源泉徴収票をなるべく早く発行したいです。 私は今年2月に契約社員として入社の新卒です。 入社前に送付が必要な書類の内に源泉徴収票があったのですが、当初は発行までに時間がかかるため提出期限に間に合わない...,0,0
176,2026/1/22 4:21,トレーディングカード,1051110082,46分,1,1,1.0,0,0,0.022,100.0,0.0,1.08,あと3日,https://detail.chiebukuro.yahoo.co.jp/qa/question_detail/q12324546432,デュエルマスターズの質問です。時空の工兵を出してターン終わりに、下にソウルサンライトコハクが挟まった場合次の自分のターンまで時空の工兵は場を離れないのでしょうか？,0,0
177,2026/1/22 4:21,Amazon,bd923cfba,46分,0,3,3.0,0,0,0.065,0.0,0.0,0.06,あと3日,https://detail.chiebukuro.yahoo.co.jp/qa/question_detail/q11324546431,Amazon 欲しいものリストについて質問です このような画面が出るのですが、2月からシステムが変わる場合、 この設定は対象外になる、配送先住所を第三者の出品者が受け取ります。 と書いてあるのは、発送...,0,0
178,2026/1/22 4:21,スマホアプリ,pac********,46分,0,3,3.0,0,0,0.065,0.0,0.0,0.06,あと3日,https://detail.chiebukuro.yahoo.co.jp/qa/question_detail/q10324546430,Tinderでログインしようとしたら、何故かアカウントが消えてたんですが、恐らくシャドウバン？ですかね？ ほぼ左スワイプで毎日スワイプしても週にlikeは3人ほどでしたので…再登録した後に前のアカウン...,0,0
179,2026/1/22 4:21,海外,b9c81cedd,46分,0,2,2.0,0,0,0.043,0.0,0.0,0.04,あと3日,https://detail.chiebukuro.yahoo.co.jp/qa/question_detail/q14324546429,今年の冬にイタリアの旅行に行きます、観光地にはスリが多いと聞きますのでスマホにストラップをつけようと思うのですが、布製の紐だと切られることもあると耳にしました、 なのでスマホとガッチリ連携して切れない...,0,0
180,2026/1/22 4:21,アニメ,焼きカスタード,46分,0,3,3.0,0,0,0.064,0.0,0.0,0.06,あと3日,https://detail.chiebukuro.yahoo.co.jp/qa/question_detail/q13324546428,鬱系のアニメ、ボカロを教えてほしいです。 アニメだとひぐらし(卒以外)、ぼくらの等が好みです。がっこうぐらしやまどマギはあまり好みではありませんでした(好きな人すみません！)。 ボカロだと遠く、遠く、...,0,0
181,2026/1/22 4:21,恋愛相談、人間関係の悩み,匿名,46分,0,2,2.0,0,0,0.043,0.0,0.0,0.04,あと3日,https://detail.chiebukuro.yahoo.co.jp/qa/question_detail/q12324546427,27歳～29歳の女性に質問 あなたの顔が大学生と思われていると嬉しいですか？,0,0
182,2026/1/22 4:20,Facebook,みけ,47分,0,4,4.0,0,0,0.084,0.0,0.0,0.08,あと3日,https://detail.chiebukuro.yahoo.co.jp/qa/question_detail/q11324546426,至急 全く使っていないFacebookのアカウントにメアドが追加されましたというメールが届いたのですが、 全く見た事がないアドレスなのでアカウントを削除しようと思ったのですがそのメアドに認証コードが送...,0,0
183,2026/1/22 4:20,ダイエット,pomegranate,47分,1,15,15.0,0,1,0.314,6.67,0.05,1.95,あと3日,https://detail.chiebukuro.yahoo.co.jp/qa/question_detail/q10324546425,中学生女子、ダイエットについて質問です。 私は身長157cm体重72kgのクソデブです。 過去にいろいろありまして、暴飲暴食を繰り返した結果、このような状態になってしまったのですが流石にヤバいので半年...,0,0
184,2026/1/22 4:20,男性アイドル,yxu********,47分,0,3,3.0,0,0,0.063,0.0,0.0,0.06,あと3日,https://detail.chiebukuro.yahoo.co.jp/qa/question_detail/q14324546424,SnowMan 1st POPUPについてです。 最近ファンになり東京でのポップアップ開催を知りました。 調べてみると完全予約制でチケットがないと入れないみたいで応募しようとしたのですが先着順追加枠も...,0,0
185,2026/1/22 4:20,職場の悩み,my_********,47分,2,7,3.5,0,0,0.146,28.57,0.01,2.19,あと3日,https://detail.chiebukuro.yahoo.co.jp/qa/question_detail/q13324546423,公務員がちゃんと仕事をしていても「遊んでいても給与がもらえる」と揶揄されるのはなぜですか？ 残業手当すら出ないのに。,0,0
186,2026/1/22 4:20,ゲーム,117000円君,47分,0,1,1.0,0,0,0.021,0.0,0.0,0.02,あと3日,https://detail.chiebukuro.yahoo.co.jp/qa/question_detail/q12324546422,フォートナイトについて質問です。 PCパットでやってますが、 編集をLにして屋根をスティック押し込みにしてます。 武器チェンが本当にしにくくて背面左とZRでやってます。どうしたら編集も武器チェンも楽に...,0,0
187,2026/1/22 4:19,LINE,1151293857,48分,0,4,4.0,0,0,0.082,0.0,0.0,0.08,あと3日,https://detail.chiebukuro.yahoo.co.jp/qa/question_detail/q11324546421,LINEがサーバー異常なんですけど。どうしたら？,0,0
188,2026/1/22 4:19,恋愛相談、人間関係の悩み,名無し,48分,1,2,2.0,0,0,0.041,50.0,0.0,1.04,あと3日,https://detail.chiebukuro.yahoo.co.jp/qa/question_detail/q10324546420,お姉ちゃんの友達のインスタのフォロワーって確認しますか？,0,0
189,2026/1/22 4:19,洋楽,Freewill,49分,1,8,8.0,0,0,0.163,12.5,0.01,1.16,あと3日,https://detail.chiebukuro.yahoo.co.jp/qa/question_detail/q14324546419,「タイトルに ”いず” が入っている」なんていう曲が思い浮かびましたら、1曲お願い出来ますか？ 洋邦・歌モノ・インストを問いません。 日本語でも外国語でも、前後に文字や単語を足していただいても、漢字で...,0,0
190,2026/1/22 4:19,ゲーム,a51086bca,49分,0,3,3.0,0,0,0.061,0.0,0.0,0.06,あと3日,https://detail.chiebukuro.yahoo.co.jp/qa/question_detail/q13324546418,スプラ3のXマッチについてです。 どう頑張ってもXPが2000にいけません。 ずっと1600〜1800台を行ったり来たりしています。 ある程度勝ちの波が来ると必ず負けの波が来てしまい勝った回数以上に負...,0,0
191,2026/1/22 4:19,年中行事,玉井金次郎,49分,0,4,4.0,0,0,0.081,0.0,0.0,0.08,あと3日,https://detail.chiebukuro.yahoo.co.jp/qa/question_detail/q12324546417,恵方巻の日に、アンパンを恵方と真反対の方角を向いて、独り言を言いながら、完食するとどうなりますか？何かいい事がありますか？,0,0
192,2026/1/22 4:19,ピアノ、キーボード,1252923119,49分,2,6,3.0,0,0,0.122,33.33,0.0,2.11,あと3日,https://detail.chiebukuro.yahoo.co.jp/qa/question_detail/q11324546416,ショパンエチュード10.4むっかしいですか？ 今練習中です 意見きかせてください,0,0
193,2026/1/22 4:19,マインクラフト,1150314052,49分,0,4,4.0,0,0,0.081,0.0,0.0,0.08,あと3日,https://detail.chiebukuro.yahoo.co.jp/qa/question_detail/q10324546415,マイクラpeに関する質問です。このバージョンでコントローラー画面を十字にしたいのですが、どうすればできるようになるのでしょうか,0,0
194,2026/1/22 4:19,海外ドラマ,SSSSSSS,49分,1,12,12.0,0,0,0.243,8.33,0.03,1.23,あと3日,https://detail.chiebukuro.yahoo.co.jp/qa/question_detail/q14324546414,あるドラマのタイトル教えてください ターミネーター２の液体型の敵キャラと似ている液体型に変身できるアメリカのコメディドラマが教えてくださいターミネーターではないです,0,0
195,2026/1/22 4:19,ニュース、事件,hir********,49分,0,2,2.0,0,0,0.04,0.0,0.0,0.04,あと3日,https://detail.chiebukuro.yahoo.co.jp/qa/question_detail/q13324546413,ユーチューブの知恵袋では、もっとも公明党がひどい ということが解りますよね？,0,0
196,2026/1/22 4:18,ファーストフード,usa********,50分,2,10,5.0,0,0,0.198,20.0,0.01,2.14,あと3日,https://detail.chiebukuro.yahoo.co.jp/qa/question_detail/q12324546412,あなたがロッテリアに行かなくなったのは何時ですか？ 80年代までマックと肩を並べてると思ったのですが、90年代に失速して、メニューを一新した辺りからですかね？ 30年以上行ってないと思います。,0,0
197,2026/1/22 4:18,ファッション,匿名,50分,1,7,7.0,0,0,0.138,14.29,0.01,1.11,あと3日,https://detail.chiebukuro.yahoo.co.jp/qa/question_detail/q11324546411,【ミニスカートを穿いている事好きで、顔が可愛い女性】は、顔がかっこいい男性好きな人が多いですか？ ※大学生の場合,0,0
198,2026/1/22 4:18,宝塚,匿名,50分,0,4,4.0,0,0,0.079,0.0,0.0,0.08,あと3日,https://detail.chiebukuro.yahoo.co.jp/qa/question_detail/q10324546410,宝塚の夢白あやちゃんは退団後、東宝などのミュージカルに来ると思いますか？個人的にまだまだ色々な役を見たいとおもっているので皆さんの予想を聞かせて欲しいです！,0,0
199,2026/1/22 4:18,メンタルヘルス,qbl********,50分,2,22,11.0,0,0,0.434,9.09,0.05,2.36,あと3日,https://detail.chiebukuro.yahoo.co.jp/qa/question_detail/q14324546409,大人でこのような質問をするのは恥ずかしいのですが、睡眠に関して相談したいことがあります。私は24歳の女です。 睡眠に関してずっと悩んでいたことがあります。それは1人で眠ることができないということです。...,0,0
200,2026/1/22 4:18,性病、性感染症,1150572982,50分,1,5,5.0,0,0,0.099,20.0,0.0,1.06,あと3日,https://detail.chiebukuro.yahoo.co.jp/qa/question_detail/q13324546408,至急 淋病の点滴治療って所要時間どのくらいですか？明日仕事前に病院に行くので知りたいのですが、調べても5分〜1時間とでて困ってます。 先ず5分で終わるなんてことありますか？,0,0
201,2026/1/22 4:18,ゲーム,1252750265,50分,0,3,3.0,0,0,0.059,0.0,0.0,0.06,あと3日,https://detail.chiebukuro.yahoo.co.jp/qa/question_detail/q12324546407,原神LunaⅢのイベントアイテム、「整理されたノート」はイベント後消えてしまうアイテムですか？ 読みたいのですが、取り逃してしまいました。,0,0
202,2026/1/22 4:18,オンラインゲーム,ner********,50分,2,2,1.0,0,0,0.039,100.0,0.0,1.97,あと3日,https://detail.chiebukuro.yahoo.co.jp/qa/question_detail/q11324546406,OW2で質問です キャクターのHPについてです ・白HP・青いシールド・タンクのHPの違いについて教えて欲しいです タンクのHPは単発ドカンより連射を食らうほうが安いくらいの知識しかなくって....,0,0
203,2026/1/22 4:18,メンズ全般,ton********,50分,0,1,1.0,0,0,0.02,0.0,0.0,0.02,あと3日,https://detail.chiebukuro.yahoo.co.jp/qa/question_detail/q10324546405,リーバイス501XX復刻現行で、スリムな物はありますか？ アメカジは好きではなく、太いストレートパンツも好みではないです。品のあるくらいの太さはありませんか？ また、同等に育つ？色落ちするなら、他メー...,0,0
204,2026/1/22 4:18,アルバイト、フリーター,dkt********,50分,0,1,1.0,0,0,0.02,0.0,0.0,0.02,あと3日,https://detail.chiebukuro.yahoo.co.jp/qa/question_detail/q14324546404,アエナで働いている、働いていた方教えてください。 ①アエナの店舗スタッフ(バイト)は検便しますか？ ②バイトのオリエンテーションは関西店舗採用でも東京の本社まで行がなければなりませんか？,0,0
205,2026/1/22 4:17,ゲーム,Ycuvuhuhuu,52分,0,2,2.0,0,0,0.038,0.0,0.0,0.04,あと3日,https://detail.chiebukuro.yahoo.co.jp/qa/question_detail/q13324546403,至急、Switch2を買ったもののスリープして20分位すると電源が入らなくなります、お陰でソフトのダウンロードも出来ないです、長押しして再起動にすると電源は入るのですがこれは不良品ですか？ じゅうでん...,0,0
206,2026/1/22 4:17,文学、古典,1252053740,52分,1,2,2.0,0,0,0.038,50.0,0.0,0.98,あと3日,https://detail.chiebukuro.yahoo.co.jp/qa/question_detail/q12324546402,現代語訳お願いします。 外國官判事ヨリ外國官副知事（大阪出張）大隈八太郎宛 御一新以後ノ一分銀、二分金及計畫中ノ新貨幣ノ量目等照會ノ件 附屬書 貨幣ニ關スル照會事項 以急飛致啓上候然は御承知之通過日以...,0,0
207,2026/1/22 4:17,恋愛相談、人間関係の悩み,匿名希望,52分,3,18,6.0,1,4,0.345,16.67,0.02,7.3,あと3日,https://detail.chiebukuro.yahoo.co.jp/qa/question_detail/q11324546401,推しに年齢って関係あります？？ 私は30前半の女やってます。 私の推しはとある俳優さんですが 干支か私と同じです（私が上） なので歳はくっそほど離れています。 その俳優さんは顔も演技もどタイプで 一目...,0,0
208,2026/1/22 4:17,ゲーム,フライゴン大好きな人,52分,0,2,2.0,0,0,0.038,0.0,0.0,0.04,あと3日,https://detail.chiebukuro.yahoo.co.jp/qa/question_detail/q10324546400,スト6についての質問です。ヴァイパーに中距離でセービングをされた時の対処法を教えてください。ダルシムを使っているのですが何をすればいいか分からず前ステで近づかれます。,0,0
